{
	"class_name" : "PinholeCameraParameters",
	"extrinsic" : 
	[
		-0.97040549334751347,
		0.13253781125930728,
		-0.20185863139227292,
		0.0,
		-0.045695363764572491,
		0.72003033318031406,
		0.69243646136715631,
		0.0,
		0.23711835064244324,
		0.68116814949529036,
		-0.69266502719696277,
		0.0,
		0.11514208097319356,
		-3.82814962732329,
		13.842039607435819,
		1.0
	],
	"intrinsic" : 
	{
		"height" : 1061,
		"intrinsic_matrix" : 
		[
			918.85295341528945,
			0.0,
			0.0,
			0.0,
			918.85295341528945,
			0.0,
			959.5,
			530.0,
			1.0
		],
		"width" : 1920
	},
	"version_major" : 1,
	"version_minor" : 0
}